"0","tamaramorrison@hotmail.com","9342 Lori Bypass Suite 711
East Sandra, MP 11019","0","Gary","Cross","pbkdf2:sha256:600000$qhgVAC0GxDulKM5f$01d23e4145d6b252d69f2488651e39d406f557177580a2a9d187988099959332"
"1","qoliver@gmail.com","6208 Williams Courts Suite 345
Masseyshire, GA 91949","0","Madison","Zuniga","pbkdf2:sha256:600000$rNFVRFsiGCGsgl5M$2e1ce951c5bc7b3274a08aa5cebd12369ad870adf94932deb9f116b7903ac772"
"2","valeriemorales@hotmail.com","08913 Charlene Flat
Joshuaburgh, CT 62839","0","Shane","Bradley","pbkdf2:sha256:600000$wvO6oC6W33Ya3lNa$ece6d95f62aae65b922dc5ccd6caa150fe9a5d3be2e6112c8448f03eff494718"
"3","zrogers@yahoo.com","0452 Courtney Lane Apt. 113
North Paul, CT 52118","0","Lauren","Ward","pbkdf2:sha256:600000$8lDA37VMZ1xGA1RH$3c5bc4642193a02cd7c280a8b7f5a38e45acfa264c8ebeafe99345b8e12c048e"
"4","taguilar@hotmail.com","013 Billy Bridge
Riveraburgh, AS 20007","0","Jared","Frazier","pbkdf2:sha256:600000$Gsrhmv5Ovf53hBbA$5de46112a00be9ca330a2f335adf68827ab3e778ce5f9d0f1d98c7d4871173ac"
"5","vmendez@hotmail.com","Unit 9426 Box 4183
DPO AE 51884","0","Sharon","Love","pbkdf2:sha256:600000$Svn3xKJdzAzh0XoC$2c9a6608ddd3c499dedd4939b2a3f57b9bcb9560f8f3c3a236a622a2416bb2eb"
"6","aaronhopkins@hotmail.com","0932 Shawn Neck Suite 420
West Matthew, LA 39343","0","Amanda","Griffin","pbkdf2:sha256:600000$JADP29yH1z4W7WOO$65069722c585e066c6745b32292ecc681aed243ea3a563666cd9538e221e70bf"
"7","danny48@hotmail.com","73864 David Skyway Apt. 046
Wallaceview, MI 37646","0","Kristin","Watts","pbkdf2:sha256:600000$SZByLr8jKgq6uMHj$f93c39483bf209210eae88d750d1f21871e0346208e6c8a11bee0b6434370790"
"8","karenroberts@gmail.com","2566 Seth Station Apt. 852
East Sean, WY 51471","0","Cindy","Kelly","pbkdf2:sha256:600000$Zt8zcSQf0wBa2qpK$8f92259d8dc8a9e114ccaced19a12c5104e869e9538c103ca3488a9a716a32cb"
"9","monica30@yahoo.com","7067 Alexander Corner Apt. 312
Hensonborough, NV 80816","0","Daniel","Lee","pbkdf2:sha256:600000$Im6L0Y6bQRjeJAuJ$abe373ce220d0a66dd905cdf9a8056a56ea2b2fbc8e197cadab7c3a4453d1a4a"
"10","taylorjamie@yahoo.com","23659 Cristina Coves
New Caitlinfort, NH 40962","0","Mitchell","Payne","pbkdf2:sha256:600000$KlnuqrGaDvCsoioH$90c383096fce492ac84b31e4276594d2838577add1400ae35e158c06ce19e8e8"
"11","christystanley@hotmail.com","23028 Jennifer Meadow Apt. 972
West Matthewfurt, AK 82521","0","Haley","Beck","pbkdf2:sha256:600000$FebJv1DWaqhBZMHH$2478486c5700ea486d27198a8633705b8bafedf51922278cbfc969f811c3ca9e"
"12","kelly45@yahoo.com","02907 Matthew Branch Suite 493
New Sharonview, MP 23285","0","Melanie","Park","pbkdf2:sha256:600000$KO56l2X7eZtZLQ5x$196b470e1f851f9d99565a2797d7d1e203368bbe1036729dc54fdfdb75932a48"
"13","rubiofrank@gmail.com","6595 Kurt Park Apt. 436
Grahamfurt, UT 05536","0","Todd","Frazier","pbkdf2:sha256:600000$yDtzWBVUoQBfhg3u$b012cf2e525c724336e675b0d2cb2953f61c6a3f9ebd12e3cb7c5a220d8e412c"
"14","ctran@hotmail.com","1379 Lisa Pike
Lake Matthew, SD 18179","0","Melissa","Terry","pbkdf2:sha256:600000$1GI8BuelFCOd0MUW$9fea75e42a82441dee060c4586a5d5e356f29f631e40edfd46ee8a2cf2a5ea69"
"15","morriskrystal@hotmail.com","86408 Mary Common
Michaelville, NJ 04835","0","Timothy","Russell","pbkdf2:sha256:600000$Dcj6lU8EPFMq9RKs$eabb61660affeb5b4e5f30817ac73726362a261f4142870bfcc2613d6df6ee0a"
"16","kimberlynunez@yahoo.com","532 Dixon Place Suite 126
Tammychester, MH 57653","0","David","Perez","pbkdf2:sha256:600000$IWxe67TslxzYDFuk$d31b329bd05e3df90fcdb1a397d4a73505bdfe694845b9793bd85e7264a21b2a"
"17","swalters@hotmail.com","6352 Daniel Knolls Apt. 069
Fordland, WI 56262","0","Micheal","Munoz","pbkdf2:sha256:600000$cHMYh3YQ3ylGDGEN$560550ed0a606907d4e6e59827e3e874ec4d4b1c02bdcbe1e93fb2d5c377ac05"
"18","zerickson@yahoo.com","79061 Cook Parkways Suite 079
West Marissafort, OH 85040","0","Rebecca","Smith","pbkdf2:sha256:600000$jfXMYZ7AIH3KW57j$4b360ef51d8176ab3f16dbffb1be900463c6c85d01503c07e6680ffe0219f517"
"19","joannestuart@gmail.com","754 Salazar Village
South Michaelfort, IN 86508","0","Brian","Kennedy","pbkdf2:sha256:600000$iyGHjpJtcK2zYRq4$4319ea36834aed2e9c93ef82ec93c948913ca58f8661140583f368eff44d29de"
"20","erica29@hotmail.com","140 Christine Shoals
South Jamie, TN 42383","0","Lisa","Gaines","pbkdf2:sha256:600000$4Y28PjJgHCQjW8y5$1bb1093b5fcf76e3a8d764bfc3c690db65c082cd53875fdaa0e81e6c0508f3df"
"21","angela30@gmail.com","931 Middleton Roads Suite 573
West Angela, MI 94545","0","Cody","Crawford","pbkdf2:sha256:600000$JBNAV6gzn7NjqSMU$52c96ef28ea1823c354490cdbaadaad24c0c9b89c91d2d05bb497a617a864886"
"22","mosesalison@yahoo.com","69220 Janice Gateway
Lake Josephfurt, DE 45566","0","Pamela","Allen","pbkdf2:sha256:600000$HepQSJY2ms1dXe2E$ca951a9f5ce3d8035ac1e8ad5df02a75a52e42e5f06bece453a83f5801de5d2b"
"23","carterdanny@hotmail.com","Unit 8857 Box 1688
DPO AA 16584","0","Nathan","Kline","pbkdf2:sha256:600000$ek6nwUUWzPgeaAEN$b4b543e2ef16e8fa8dc5eaf2c6f2c9c6aa78b8b60ea404b11c86a7b3b4c60046"
"24","johnwalker@yahoo.com","023 Schaefer Squares Apt. 382
Lake John, WI 39742","0","David","Campbell","pbkdf2:sha256:600000$3ujnVNJ7xHoXsuZ1$2a644f6cf288ae2f98d871517d0fc2ceb251983b6a5e13603b2c8ea5f45a3c86"
"25","ryanbaker@gmail.com","4647 Kristine Fields Suite 710
New Dakota, KS 00638","0","John","Gross","pbkdf2:sha256:600000$VUgimy5ca1qTfOIm$212407054bd7d0dcdd253a80b04fdaa11a53e61f9ec43d0b417d63cc23f137ba"
"26","rmiranda@hotmail.com","USS Silva
FPO AE 24883","0","Evelyn","Hendricks","pbkdf2:sha256:600000$vVNlxjwC6HadOjYQ$9092e7b1d07a380bdab52dc677a45d16e0f744d25280c66f568c70e93b022fdf"
"27","millskimberly@gmail.com","215 Joy Islands
West Beth, CA 11791","0","William","Whitaker","pbkdf2:sha256:600000$84mUvhxSgRE55DPS$d2a7fa71e287d3c49bfaf9ea075b5b770a50f53fc86629a6d2f25b4f772049df"
"28","amystone@gmail.com","2547 Avila Manor
Port Deborahbury, SD 86285","0","Francis","Caldwell","pbkdf2:sha256:600000$guztJHKRkJw7xeqr$01c000826d02a45aca771d98c42b02b517f435f4eac079c60ecd72b1cd000f85"
"29","leejames@gmail.com","8476 Allison Summit
Brownville, MH 08197","0","Michelle","Wilson","pbkdf2:sha256:600000$aiqedJMkYDsE3z1T$3db834402d127f0af53411e915899ad569deff793ce9c2cb081b1ba2ab6e1c8e"
"30","joylowe@yahoo.com","532 Stewart Mills
Lake Dana, KY 89011","0","Chad","Bridges","pbkdf2:sha256:600000$GEZH2z9tMkiaGOFe$c463f8ffbc64d91f79929cc9ae621368f16fa680ffcd28690dab9cdc8b8f7ca2"
"31","sandygarcia@gmail.com","647 Michael Trafficway Apt. 037
New Evelyn, GU 01420","0","Dalton","Fritz","pbkdf2:sha256:600000$KIz9xkmXhppL7m7s$2ec0c06315bf21f20f4b37c925f815c6c82bb9f8495041349f3efe3113d1cff3"
"32","cgiles@yahoo.com","511 Sanchez Canyon
Port Jennifershire, CO 61535","0","Angela","Soto","pbkdf2:sha256:600000$StxKRxgjGVBrvJwc$72043562f068e31aedc6e0eb37fe8c6d71e361969d80f26b14626487003c8340"
"33","pjohnson@yahoo.com","967 Ethan Avenue Suite 164
South Nicole, KS 68053","0","Joshua","Anderson","pbkdf2:sha256:600000$Cc3ioQOXvZ2RqWc9$9681d2fda71b839405039ec28e05ef1b2332c8d31cdf27b1cf00faa53f40e6d6"
"34","joy31@hotmail.com","4279 Ann Brook
North Kylefurt, IL 34119","0","Mrs.","Morgan","pbkdf2:sha256:600000$wGeb6w0GiksCBTab$9890453cc69e9833d61165ef3ccbc4650c12a60048312094876c77bfe278fd4e"
"35","vlove@hotmail.com","7841 Christopher Light Suite 634
Bonillaside, AL 82801","0","Jasmine","Graves","pbkdf2:sha256:600000$Otm0M7hdLrJr3c7P$eabd0461150d92c4ceee411cfbd2f2ed230651df024f46e82ba866779166fb05"
"36","webereric@hotmail.com","208 Laura Club
New Kimberlyville, ID 13622","0","Douglas","Yates","pbkdf2:sha256:600000$VahzDQb7zdtKDYQ0$22d92e4ce98884f23978696db298bddf411f0f046b23bc1dffcdf235be53ba51"
"37","kimberly24@gmail.com","Unit 1560 Box 4324
DPO AA 69154","0","Frank","Galloway","pbkdf2:sha256:600000$ECABVlOE8RlHndmB$7933fe823d4040b3ded5d7e7de69cd62fcf41719febd1753127d2ce326a9273f"
"38","jonathan46@hotmail.com","4600 Peters Union
Jennifertown, AK 65095","0","Timothy","Kerr","pbkdf2:sha256:600000$mBw9I9xU1D1fCCz4$30391e4225562e27db6c661dd7138623763abf38858c80f9e1874507338b99c6"
"39","torreskyle@hotmail.com","766 Christopher Walk
Sherrychester, TN 65093","0","Beverly","Taylor","pbkdf2:sha256:600000$0RcTArv576vJAYmK$60933234a7510dd77295b9fa230ceded4b1dd14823755e3b891220bf6103c2f0"
"40","megan62@hotmail.com","264 Sabrina Views Apt. 385
Boothland, MA 68180","0","Stephanie","Mosley","pbkdf2:sha256:600000$XDYLNhpOh69Nr7TG$909ab44ac8cafda0ba0d9149965d5396d54c62e5b975b5971dcc79064a036473"
"41","hdowns@hotmail.com","Unit 6360 Box 9390
DPO AA 97219","0","Nathan","Kirk","pbkdf2:sha256:600000$CulnWeZy18tV1pNu$d0a7be26b1f6bed284b3f334b1a101b411d2000f056fd41d0381b374184bb5df"
"42","vfreeman@hotmail.com","979 Davis Manor
Lake Rebeccaberg, HI 90658","0","Tara","Shaw","pbkdf2:sha256:600000$gxPpfwUeGLJuTWCi$4bd562475f251fcbfba7fdb651c94628b1aa606676b0bf559b1b02f6f702bd5b"
"43","ghancock@yahoo.com","PSC 2652, Box 8592
APO AE 12680","0","Allen","Trevino","pbkdf2:sha256:600000$Jv9Fh53ImQkcvIHx$305c754663c1d3c5004c2f00b9989907d2d7245409ac98b0e2152bfd137e5285"
"44","amandasnyder@gmail.com","73849 Edward Vista
New Matthewport, MH 72138","0","Billy","Hudson","pbkdf2:sha256:600000$ZfNCi1TPvEFSsFnC$412d7857e519bcd10c57c918ee84a0dd2433349a460d8e9966cfb9d9d2a64ad9"
"45","ashleylewis@gmail.com","4229 Hill Light Apt. 972
Floydchester, WV 51245","0","Marilyn","Rodriguez","pbkdf2:sha256:600000$07U6ug8xuKWESCjn$6cdfdbec34f94a602b0c51af5dab5d035f8582b78ba3c5485f08d0d8879c6c6a"
"46","williamdoyle@gmail.com","Unit 8522 Box 1442
DPO AA 39097","0","Miss","MD","pbkdf2:sha256:600000$Isjsb9LufpjxRFUl$d7c95df0c9efddcda31987c30f5f6b39c3aa7317a8f10d0aac8fc8c970e2c43e"
"47","teresawhite@hotmail.com","593 Jessica Points
Lake Franceshaven, RI 91999","0","Theodore","MD","pbkdf2:sha256:600000$PMMVBEoMdRxK7xsG$3f64293e27fed87efd60f66aa320373b7565395881bb2ab49b04fa83b4c45710"
"48","michellejackson@hotmail.com","337 Collins Turnpike
Jillside, MD 86287","0","Mark","Fuller","pbkdf2:sha256:600000$8pmFMCqF7MTscI1u$2766c4d8d3b8891c983351fbee94a3f7e2bb7409831cf7454decd90bac8848f1"
"49","porterjoel@hotmail.com","69774 Smith Walks Suite 151
South Stephen, GU 46202","0","Brian","Matthews","pbkdf2:sha256:600000$uL5RjWsbk1azQYCO$75035028110ba08cb33b7186e5dda3530a104b5cf31c9216846cddc949d450eb"
"50","laurie57@hotmail.com","83780 Flores Pine
Lake Joanne, OH 32464","0","Margaret","James","pbkdf2:sha256:600000$hRH9ZwfzwLTtzShZ$235a9c40513acd7108a11d70964d00735e8f283d8f62f3d348f12475f00ee8f6"
"51","floresbrandi@hotmail.com","4747 Randall Lake
West Edwardburgh, MA 59171","0","Dwayne","Osborne","pbkdf2:sha256:600000$1DihDQq80eJg3B40$b876588478bf0caf4b7123bb3c54564e87ef29199ec2cf55af385574202c9ada"
"52","melissalynch@gmail.com","69757 Anthony Rapid
Sandovalchester, MI 41089","0","Sean","Perez","pbkdf2:sha256:600000$sSqNZ2t6176OEWY8$f9c860b94966743a42f1dd449ce9632fbf2a2c6504f33c5ed2153e4792201102"
"53","pamela20@gmail.com","55899 Ryan Station Apt. 198
East Marcus, OH 53249","0","Felicia","Larson","pbkdf2:sha256:600000$bS77wSFNpZbdSUHr$b23dd8faa7e1bd6817043f7a12b96aa2b1e3a17682b731c21a1d095bac5e6dda"
"54","pharris@yahoo.com","2939 Bell Greens
Jacksonside, NM 14908","0","Karen","Knox","pbkdf2:sha256:600000$f0Mji1zExVqqxqS4$06e53d450c180d10aa7c4fcfc0a3b5f2a238f8cee7bdb06b9045c4b1c1032d0c"
"55","royangela@gmail.com","PSC 4630, Box 8871
APO AE 17549","0","Donald","Doyle","pbkdf2:sha256:600000$p8uVmPNZniJV1BpF$1739aeb62c4afb6c9ffede55c75658f946d71ba4dc137361e65246a6a9bab6bd"
"56","munozkristin@yahoo.com","604 Stanley Ports Apt. 102
East Rachel, VA 44042","0","Jennifer","Marshall","pbkdf2:sha256:600000$6OV90ASGNhLXomkx$5be29c35503d9cbab3381d2a92415a7b3b6aabf6ff9f83ad3ba205269990a058"
"57","kevinclements@hotmail.com","547 Ramirez Isle
Tinaland, SD 58300","0","David","Harper","pbkdf2:sha256:600000$EkEsUSkGoDPFj9IY$3244d42aa2fa766cfe17f53bc8a05b83e36bee06344d9e7d5b0e0d8067b28194"
"58","pattersonandrea@gmail.com","6346 Cunningham Stream
West Jasonton, MO 49744","0","Miranda","Hunter","pbkdf2:sha256:600000$hTonO4hz3Hp2hrw2$f2bc195d8b2db0c812d5060be90fcd798d3d06f3f01357d5b18a4377454afc93"
"59","qwilliams@yahoo.com","071 Carter Mountain Suite 791
Jasonchester, NH 46603","0","Meagan","Graham","pbkdf2:sha256:600000$lkjmlPwpR638ZDRQ$fc77269f988c3c4342f552c2deb00c1ea4f82eb07a1bd60c4b9c69478fd245e4"
"60","snyderlauren@gmail.com","583 Ann Hills Apt. 225
North Justinchester, NY 33827","0","Tiffany","Kim","pbkdf2:sha256:600000$2tqjqnNGsmGKID8H$8fd296370e102d62aa018a59e238aa1854d47a2af0fd6c571c2aadc723df60bd"
"61","sydneywagner@yahoo.com","9906 Leslie Manors Suite 325
Mckayside, FM 37483","0","Adam","Burns","pbkdf2:sha256:600000$nW0nIe6UD0WccFDE$e791e5e9881d05ac52ec865bf55203cf27a224f5ed48662cb3d4a10179966147"
"62","qferrell@hotmail.com","77038 Emily Lane
South Davidfort, OK 74845","0","Tracey","Bartlett","pbkdf2:sha256:600000$pM6S5hMJLQE24iSg$9bf82fc4b7a0af1f2cc1b2b23a46d585a53807fe33822f14b38314e5bf7785f3"
"63","qdyer@yahoo.com","5640 Sara Lakes Apt. 150
Valenciachester, IL 77372","0","Tammy","Sexton","pbkdf2:sha256:600000$MUILN0Ug4My7csdX$c0cddba8930192b558d94e738a46ba08e97d583884fd4c606ac4ec6e7290e21b"
"64","morrismichael@hotmail.com","PSC 1844, Box 9657
APO AE 45924","0","Kimberly","Taylor","pbkdf2:sha256:600000$Vd9imbfVB2vwAHoM$d57dff4cc48a9d511a0f4af87043952766d57fff8d7d85bceb19790dcbf96eed"
"65","obennett@hotmail.com","565 Amanda Trail
New Thomas, PR 77352","0","Richard","Lee","pbkdf2:sha256:600000$NCJ91URj0hZbLqkn$917925d8fe550967d2ce2da0475ac67b681a14c74f45a037b9c18b38438bb43a"
"66","mhiggins@hotmail.com","0587 Donna Skyway Suite 195
Port Brendaburgh, WY 41215","0","Ronald","Ferrell","pbkdf2:sha256:600000$NeEFPoKQslUKS8K4$8e8e935ff7a3b667d0a5c922c048db2b084ed060d1faf5e70c24281e535209f5"
"67","marcfarmer@hotmail.com","332 Wells Circle Apt. 904
Port Brandonton, FL 28199","0","Darin","Bryant","pbkdf2:sha256:600000$OiytuCOMpNQV1WbC$c6d8b4c056db752ff323a2b118dfa34ed8e3f0f1523e77e4837068c0c936db63"
"68","deanrodriguez@gmail.com","12874 Christopher Trace Apt. 983
East Shawn, NM 82215","0","Heather","Bowen","pbkdf2:sha256:600000$SuDw7Xc7hQFVBr15$c5eddbba800e4397dafd12a6ff8b817f83ec937ae707440990862582a8924123"
"69","wheelerrachel@gmail.com","1113 Kristin Road Suite 599
Johnsonfort, VA 53474","0","Stephanie","Meza","pbkdf2:sha256:600000$r0NumUnkVdZSLika$e806182ac3761f70e10458bcae2c276e2b975a135c613b1598893b8b67448512"
"70","iclark@yahoo.com","749 Marisa Brooks
North Erinbury, OH 55906","0","Casey","DDS","pbkdf2:sha256:600000$pb4x6gjkOYFJxzzh$8cfbe8afaabbbcf77bd9b5d49efcd709e4ec04bd23e9afeae7a8cf048fa59ed6"
"71","craigjonathan@yahoo.com","92380 Brianna Road
Sandraburgh, GA 77059","0","Elizabeth","Horne","pbkdf2:sha256:600000$KpWkQvgA92umn9Xn$ec658985d3ccca51602dca852b0a2c561b87d58f713a7c4e73df9143d01aa90c"
"72","ycolon@yahoo.com","147 Derrick Hollow
Lake Vincent, WI 89535","0","Laura","Williams","pbkdf2:sha256:600000$tKr8kYwvsOlUMfWL$c279880cd24109ae901ec5b0c02c59d8976710fa6387062968cc52cb3813b182"
"73","brianna61@hotmail.com","953 Christian Cove
Ronaldport, MP 42703","0","Anthony","Lopez","pbkdf2:sha256:600000$e4YMFCRou1FSgchN$97ff06b38b965e19db794b0881fc65cad94e65951cada68add4e26fa90fc0285"
"74","elizabethyang@gmail.com","03323 Russell Lodge
West Bridgetmouth, SD 51383","0","Savannah","Miller","pbkdf2:sha256:600000$MeSOFJXj8LrQwfKg$7192d2aeaacb0dbbd2eebe812c266537f5b483bc6f8dd3465cc82dd6c6100060"
"75","dphillips@hotmail.com","30352 Buchanan Bypass Suite 685
East Kelly, DC 08252","0","Jenna","Smith","pbkdf2:sha256:600000$GM5IH85QniJhB30U$a72d06658c426dfa95f2d511cf344f396faf620e0605303ff3f06bc871305cc0"
"76","patrick22@gmail.com","587 Davila Flats Suite 058
Whitneymouth, OK 79177","0","Bryan","Cox","pbkdf2:sha256:600000$9z8Apoz0mrVyklEE$a7c3f3d625235773699cd69c584e6d60adc041f90cfe975fb2cbdb3ae7ea7948"
"77","hillshelley@gmail.com","7746 Shepard Plains
North Kim, DC 53368","0","Dr.","IV","pbkdf2:sha256:600000$rcpc90tmVg5qlNHK$acb4b4a741e33cf20eac9c3f3372aeae51a99f134b3523c89ad95dc09bc804cd"
"78","christopher11@gmail.com","708 Donald Underpass
Anthonymouth, GA 90721","0","Jeremiah","Oneal","pbkdf2:sha256:600000$ZBE6KW9ss2FWQPVj$a819829d67dc05cb7f3b909a0d2fa2466b17841562f2ba9f69decd29ce581b13"
"79","sherri44@gmail.com","95804 Simmons Crest
West Gabrielle, ID 30872","0","Brian","PhD","pbkdf2:sha256:600000$YqXJyDQAqtTFZ4fx$431bf8122fb014b50c8580b0a8d7dd4811cd253cd40f692fd306ff5f336e2d78"
"80","julie11@hotmail.com","1890 Jill Shores Apt. 162
Charlesbury, NJ 74752","0","Jonathan","Pace","pbkdf2:sha256:600000$KR7gBVqzWOYwacrs$523ef127ca8212b07923f4f24992e234980574bfd104ee329ee15404483c336d"
"81","thorntonanna@gmail.com","82278 Jennifer Rapid Apt. 620
Lake Ashley, IL 63089","0","James","Allen","pbkdf2:sha256:600000$pMS8q3z6OOxD9Npx$f3801a47636bf40fc4cd5c28c1eac634e44402b9b5beac0f2caece9b87fa756f"
"82","nelsondonna@gmail.com","523 William Ranch Apt. 477
East Joseph, HI 92278","0","Linda","Myers","pbkdf2:sha256:600000$GqGLY6r7bTeH7NtF$661f0eb043f6f89ef8aced45471d59ebe92dc8aa2a532da450364ac39ee1ff2e"
"83","maurice65@hotmail.com","664 Deborah Squares Apt. 415
Pruittberg, MH 71133","0","Krista","Thompson","pbkdf2:sha256:600000$MGc6Yxdk5LE0Nt7v$371a53e69b1462594f3886b86224b7e8a3d8adfbf1e4c0f77acfe8ca916222b7"
"84","vincenthill@gmail.com","PSC 9731, Box 9509
APO AA 87520","0","James","Robinson","pbkdf2:sha256:600000$v3oaRfX3pEzg3vEL$8156206e0a914493cc9afdc47961b43473cb56a822a5eab1550a97a827b4c9d9"
"85","rodriguezthomas@yahoo.com","63888 Lopez Squares Apt. 778
Victoriahaven, WV 92298","0","Mary","Wood","pbkdf2:sha256:600000$a0n56UgkHIfzn2HZ$b53373db9ef996fef0bca066fa5d2e9ab1211d57e9f9a4911bf1da0953e8b30a"
"86","shelleybird@hotmail.com","74604 Williams Plains
Camposshire, NC 44605","0","Scott","Martinez","pbkdf2:sha256:600000$1F29kEpefhpJ5LYt$ae6274baf927955c494ba6f3958b0f64c5a870524cb1389d6fd23c7a594d5d34"
"87","christina00@hotmail.com","1894 Theresa Circle Apt. 851
Stephaniestad, WY 82521","0","Stephanie","Montgomery","pbkdf2:sha256:600000$c6WzKBw263eY25FG$bbeb955ad3a0f7a1addc8001ca3d95a5229ebcafe38b6514f34613f3ee3d5f2e"
"88","danielle56@hotmail.com","163 Hayley Fords Suite 583
South Karen, VI 97729","0","Rebecca","Reyes","pbkdf2:sha256:600000$a1o9AhF0wsPXadTw$795681e8391a608d79907660cde76eed92938dccc1e764de8efdba33dacf29e9"
"89","daychristopher@yahoo.com","USNV Sanchez
FPO AP 13494","0","Charles","Beard","pbkdf2:sha256:600000$SC4qJskgBrJB1nl3$478a70a228e33bf2792befa6e7f4a7b41cb651b784d697422a8d5d1bb31f291c"
"90","april05@hotmail.com","10157 Fuller Lodge Suite 550
South Christopher, MA 18397","0","Kelly","Morrison","pbkdf2:sha256:600000$m4BK9weuowl9R76D$a4282f7c531f0256ca1d060daee2a125a1261a7f726512312b51dbc6bf7bf282"
"91","lbush@yahoo.com","56162 Lozano Stream Suite 426
Reneehaven, GU 16280","0","Jeffrey","Robles","pbkdf2:sha256:600000$mdmkB2d49CscGJJU$8b28f396209d82d06168800c242d23010dc165c8636235278470bf4b87f3bf0b"
"92","jordanmendez@hotmail.com","438 Clark Village
New Kimberlyview, OR 47692","0","Matthew","Ruiz","pbkdf2:sha256:600000$iARFQwDuqgsWKHIG$75a5730aa89e3b1220b55909a78574158705ca68d0430bd2ca4179a3ad7ba28d"
"93","timothyschultz@yahoo.com","USCGC Williams
FPO AA 08516","0","Michael","Peters","pbkdf2:sha256:600000$4MBgVOGRpmQ11ASE$068c507dd3a83fd2f8cb6a64a829a384d4dc02eef2121d801c84f9161df1fb3e"
"94","brianramos@gmail.com","3715 Holland Mills
East Carl, VA 49747","0","Kent","Clarke","pbkdf2:sha256:600000$vkQSA861GkGScanx$9b002531d356504d726c636f5fa25c0821862a0f393d48e28783ad1a9f06c202"
"95","terrykim@hotmail.com","PSC 0035, Box 3130
APO AE 85223","0","Jason","Thornton","pbkdf2:sha256:600000$ImPyTkWWRzfXjt3k$1756c3f50a4205d6e58cf9f025526af25f5fe0c094ab22d0883c311e4bcbb993"
"96","jerry76@gmail.com","21167 Thompson Park
New Kaylaborough, ME 43751","0","David","Herrera","pbkdf2:sha256:600000$Wh9VsCRUuy8Bw6LB$b988d75eb7aac02ab2f6c106bcc175ff0268ed890c70bf6e695abec587a41e5c"
"97","stephenpratt@hotmail.com","3963 Craig Lodge
West Alexis, MN 69720","0","Nicole","Martinez","pbkdf2:sha256:600000$ML4a33ynr9uFVLO0$c919b70d96ae245c69662de80af8a16bbef1e028ba56c9bad484de6187283caf"
"98","donaldsonjamie@gmail.com","33758 Padilla Keys
South Paulshire, NJ 55054","0","Kristy","Mitchell","pbkdf2:sha256:600000$K9VxnBBOYQbxEnLI$d1de14a4b2b4c1afe0597617ceb7d54a6898ff70bf79bfe3b1a19b44220fc39f"
"99","james05@hotmail.com","4901 Taylor Harbor
Meganside, CA 78425","0","Jordan","Pollard","pbkdf2:sha256:600000$vfyCk9rMAg9E16MU$612fbb5cad58a102381b8c1c58ef14bfdba4b413f955993ae4942a151462e6e5"
